-- 1.1 插入Departments表数据
INSERT INTO Departments (departmentID, departmentName, note) VALUES
('1', '财务部', NULL),
('2', '人力资源部', NULL),
('3', '经理办公室', NULL),
('4', '研发部', NULL),
('5', '市场部', NULL);
-- 1.2 插入Employees表数据（单条插入示例，按实验报告要求）
INSERT INTO Employees (EmployeeID, Name, Education, Birthday, Sex, WorkYear, Address, PhoneNumber, DepartmentID) 
VALUES ('000001', '王林', '大专', '1966-01-23', '1', 8, '中山路32-1-508', '83355668', '2');
-- 1.3 继续插入Employees表的所有数据（多条插入）
INSERT INTO Employees (EmployeeID, Name, Education, Birthday, Sex, WorkYear, Address, PhoneNumber, DepartmentID) VALUES
('010008', '伍容华', '本科', '1976-03-28', '1', 3, '北京东路100-2', '833211321', '1'),
('020010', '王向荣', '硕士', '1982-12-09', '1', 2, '四牌路10-0-108', '83792361', '1'),
('020018', '李丽', '大专', '1960-07-30', '0', 6, '中山东路102-2', '83413301', '1'),
('102201', '刘明', '本科', '1972-10-18', '1', 3, '虎踞路100-2', '83606608', '5'),
('102208', '朱俊', '硕士', '1965-09-28', '1', 2, '牌楼巷5-3-106', '84708817', '5'),
('108991', '钟敏', '硕士', '1979-08-10', '0', 4, '中山路10-3-105', '83346722', '3'),
('111006', '张石兵', '本科', '1974-10-01', '1', 1, '解放路34-1-203', '84563418', '5'),
('210678', '林涛', '大专', '1977-04-02', '1', 2, '中山北路24-35', '83467336', '3'),
('302566', '李玉敏', '本科', '1968-09-20', '1', 3, '热河路209-3', '58765991', '4'),
('308759', '叶凡', '本科', '1978-11-18', '1', 2, '北京西路3-7-52', '83308901', '4'),
('504209', '陈林琳', '大专', '1969-09-03', '0', 5, '汉中路120-4-12', '84468158', '4');
-- 1.4 插入Salary表数据
INSERT INTO Salary (EmployeeID, Income, Outcome) VALUES
('000001', 2100.8, 123.09),
('010008', 1582.62, 88.03),
('020010', 2860.0, 298.0),
('020018', 2347.68, 180.0),
('102201', 2569.88, 185.65),
('102208', 1980.0, 100.0),
('108991', 3259.98, 281.52),
('111006', 1987.01, 79.58),
('210678', 2240.0, 121.0),
('302566', 2980.7, 210.2),
('308759', 2531.98, 199.08),
('504209', 2066.15, 108.0);
-- 2.1 修改编号为011112的职工收入为2890（注意：此编号在示例数据中不存在）
UPDATE Salary SET Income = 2890 WHERE EmployeeID = '011112';
-- 2.2 修改编号为102201的职工收入为2890
UPDATE Salary SET Income = 2890 WHERE EmployeeID = '102201';
-- 2.3 将所有职工收入增加100
SET SQL_SAFE_UPDATES = 0;
UPDATE Salary SET Income = Income + 100;
-- 3.1 删除Employees中编号为011112的职工信息
DELETE FROM Employees WHERE EmployeeID = '011112';
-- 查看插入的数据
SELECT * FROM Departments;
SELECT * FROM Employees;
SELECT * FROM Salary;